<?xml version="1.0" encoding="UTF-8"?>
<project-private xmlns="http://www.netbeans.org/ns/project-private/1">
    <editor-bookmarks xmlns="http://www.netbeans.org/ns/editor-bookmarks/2" lastBookmarkId="1">
        <file>
            <url>src/hospital/ui/PatientFrame.java</url>
            <bookmark id="1">
                <name/>
                <line>56</line>
                <key/>
            </bookmark>
        </file>
    </editor-bookmarks>
    <open-files xmlns="http://www.netbeans.org/ns/projectui-open-files/2">
        <group>
            <file>file:/Users/junthearith/Desktop/Lovely/HospitalMangermentSystem/src/hospital/ui/MainFrame.java</file>
            <file>file:/Users/junthearith/Desktop/Lovely/HospitalMangermentSystem/src/hospital/db/StaffDB.java</file>
            <file>file:/Users/junthearith/Desktop/Lovely/HospitalMangermentSystem/src/hospital/ui/PatientForm.java</file>
            <file>file:/Users/junthearith/Desktop/Lovely/HospitalMangermentSystem/src/hospital/business/Person.java</file>
            <file>file:/Users/junthearith/Desktop/Lovely/HospitalMangermentSystem/src/hospital/db/DBUtil.java</file>
            <file>file:/Users/junthearith/Desktop/Lovely/HospitalMangermentSystem/src/hospital/ui/PatientManagerFrame.java</file>
            <file>file:/Users/junthearith/Desktop/Lovely/HospitalMangermentSystem/src/hospital/main/Main.java</file>
        </group>
    </open-files>
</project-private>
